Series Name,Series Code,Country Name,Country Code,2000 [YR2000],2001 [YR2001],2002 [YR2002],2003 [YR2003],2004 [YR2004],2005 [YR2005],2006 [YR2006],2007 [YR2007],2008 [YR2008],2009 [YR2009],2010 [YR2010],2011 [YR2011],2012 [YR2012]
Ratio of female to male labor force participation rate (%) (modeled ILO estimate),SL.TLF.CACT.FM.ZS,Afghanistan,AFG,16.6047089532414,16.6047089532414,16.728625167927,16.8525413826127,16.9764564155458,17.2242876631646,17.4937973305259,17.8881982838886,18.2835815053231,18.6799494768782,19.2259674305809,19.524405611453,19.6988712803349
Ratio of female to male labor force participation rate (%) (modeled ILO estimate),SL.TLF.CACT.FM.ZS,Albania,ALB,70.027248579493,69.9588462723083,70.068964464911,69.9859738991255,70.1428549630301,70.1015938568869,70.0589938967097,69.9101775889973,69.5454568573923,69.4785296892284,69.2189872136963,69.0658443589568,68.8073378441641
Ratio of female to male labor force participation rate (%) (modeled ILO estimate),SL.TLF.CACT.FM.ZS,Algeria,DZA,15.8244682200196,16.0857912137395,16.4864862287366,16.8937320991177,17.2839507787895,17.7931029221108,18.3333330684237,19.0209795545031,19.6905770751819,20.367751400431,20.5344594863582,20.6993009660628,20.8623083194248
Ratio of female to male labor force participation rate (%) (modeled ILO estimate),SL.TLF.CACT.FM.ZS,American Samoa,ASM,..,..,..,..,..,..,..,..,..,..,..,..,..
Ratio of female to male labor force participation rate (%) (modeled ILO estimate),SL.TLF.CACT.FM.ZS,Andorra,ADO,..,..,..,..,..,..,..,..,..,..,..,..,..
Ratio of female to male labor force participation rate (%) (modeled ILO estimate),SL.TLF.CACT.FM.ZS,Angola,AGO,89.5225446074196,89.3899206391206,87.7146686957968,87.7146686957968,86.5612590611623,84.4036683487331,82.3989612484436,80.3896123712713,79.4041472283455,80.4150469870768,81.428572419402,81.6883136699726,82.054612772519
Ratio of female to male labor force participation rate (%) (modeled ILO estimate),SL.TLF.CACT.FM.ZS,Antigua and Barbuda,ATG,..,..,..,..,..,..,..,..,..,..,..,..,..
Ratio of female to male labor force participation rate (%) (modeled ILO estimate),SL.TLF.CACT.FM.ZS,Argentina,ARG,57.2005360085844,58.4573746562256,59.6467424402391,60.9289622042698,63.8743432754128,63.6601317162608,63.4464744676729,64.1633725742874,64.6746331862236,65.415549913167,62.7503325000079,63.0173562101081,63.066665649414
Ratio of female to male labor force participation rate (%) (modeled ILO estimate),SL.TLF.CACT.FM.ZS,Armenia,ARM,79.0410969355336,79.0921628799192,78.1336992892338,77.1830975169866,76.0683815488628,74.7126453161272,73.1601710393482,71.4905971298681,69.8550735694775,72.8862989973129,70.401105639568,74.3093896452889,74.8611132303874
Ratio of female to male labor force participation rate (%) (modeled ILO estimate),SL.TLF.CACT.FM.ZS,Aruba,ABW,..,..,..,..,..,..,..,..,..,..,..,..,..
Ratio of female to male labor force participation rate (%) (modeled ILO estimate),SL.TLF.CACT.FM.ZS,Australia,AUS,75.5524856493095,76.5277756585015,76.9123756098342,78.0726294932579,77.7932988128087,78.9473717580091,79.6680443192882,80.0550250426753,80.6318657997943,81.215466847805,81.1034472235317,81.4917109896895,81.7802475510333
Ratio of female to male labor force participation rate (%) (modeled ILO estimate),SL.TLF.CACT.FM.ZS,Austria,AUT,70.3056788684418,71.4494832453811,73.0600282522164,73.9385032848843,75.336323432493,76.0772636571258,76.9571651738071,76.7441815334505,78.0701759278108,79.5588212854722,79.6159585754286,79.9113750558681,80.6499275263834
Ratio of female to male labor force participation rate (%) (modeled ILO estimate),SL.TLF.CACT.FM.ZS,Azerbaijan,AZE,80.1398590728119,81.3202303477182,82.485874305946,83.6415315569325,84.935442403104,86.1271692232857,87.3362484210928,88.5630560536787,89.9556931626422,90.1759571142988,91.6913914509805,91.3362733577392,90.7111736079207
Ratio of female to male labor force participation rate (%) (modeled ILO estimate),SL.TLF.CACT.FM.ZS,"Bahamas, The",BHS,87.8989377082231,87.7146686957968,87.4180790045271,87.2395798667439,87.0633899027089,87.0179875227043,86.9565251326119,87.0229043940751,87.0886114579213,87.1374474336661,87.26354890942,87.26354890942,87.3896600060997
Ratio of female to male labor force participation rate (%) (modeled ILO estimate),SL.TLF.CACT.FM.ZS,Bahrain,BHR,40.3935195712068,41.3953470629315,41.8138979528511,42.4820968707284,43.1845579953154,43.5251781449868,43.8908643660227,44.1969512475447,44.547567152393,44.7640976327192,45.068808041802,45.1317298379929,45.1834895696899
Ratio of female to male labor force participation rate (%) (modeled ILO estimate),SL.TLF.CACT.FM.ZS,Bangladesh,BGD,63.0232567010924,63.5198112605236,63.9018711892578,64.4028091537367,64.7887356104869,65.2941176470588,65.8018835247009,66.2337668186721,66.6272180320243,67.0616083540784,67.5772014111299,67.8953620810013,68.1331751209159
Ratio of female to male labor force participation rate (%) (modeled ILO estimate),SL.TLF.CACT.FM.ZS,Barbados,BRB,83.5742440858908,83.8794199740541,82.9815290151499,84.3915350856788,84.5549701360139,85.078532332205,85.5832246919595,85.845343879696,85.9947586859507,85.7887948759114,85.9191709881668,85.9191709881668,85.9191709881668
Ratio of female to male labor force participation rate (%) (modeled ILO estimate),SL.TLF.CACT.FM.ZS,Belarus,BLR,80.7987706712942,80.9597530532636,81.1232468609088,81.1320750190225,81.01265845706,80.8917195130818,80.8988798444437,80.6451612903226,80.5194800369332,80.392157107183,80.2269033839826,79.9035372239933,79.5853284189649
Ratio of female to male labor force participation rate (%) (modeled ILO estimate),SL.TLF.CACT.FM.ZS,Belgium,BEL,71.0097677371304,69.1542309959278,70.9570974962366,72.2591352968547,73.4323450833146,74.3882529227707,75.3289470588401,76.2684118459651,77.2652404223919,77.9069782915212,78.5478542453238,78.7878754795504,78.9562294968055
Ratio of female to male labor force participation rate (%) (modeled ILO estimate),SL.TLF.CACT.FM.ZS,Belize,BLZ,47.4880400568774,49.0361454975175,50.6067961052683,52.2004879827714,53.8745357846742,55.4455415160852,56.3658808579061,57.1955698087697,58.0368088798288,58.6585347245379,59.4397078490115,59.6107078092146,59.659777221688
Ratio of female to male labor force participation rate (%) (modeled ILO estimate),SL.TLF.CACT.FM.ZS,Benin,BEN,78.6240771502356,80.7980118672287,83.0164749471092,83.5025387099779,83.7563419339585,84.116899002905,84.3710344354238,84.7328241310959,84.9872828862097,85.3503184713376,85.8418389565246,85.9693880281762,86.2068931917936
Ratio of female to male labor force participation rate (%) (modeled ILO estimate),SL.TLF.CACT.FM.ZS,Bermuda,BMU,..,..,..,..,..,..,..,..,..,..,..,..,..
Ratio of female to male labor force participation rate (%) (modeled ILO estimate),SL.TLF.CACT.FM.ZS,Bhutan,BTN,67.3830597537856,70.4689447387203,73.664125508784,76.8837783098759,79.6153826591296,81.8298985162695,83.6575892042977,84.9869448706514,86.0709609899325,86.8874151975114,86.7105283235249,86.405226763557,86.3459040420611
Ratio of female to male labor force participation rate (%) (modeled ILO estimate),SL.TLF.CACT.FM.ZS,Bolivia,BOL,73.0722190855895,73.4394152278985,73.8066113702075,74.1421582491661,74.5098043798896,74.9693232811302,75.5528241365545,76.7241398749944,77.1886555510808,78.0246922999253,78.7391836359393,78.9864033629691,79.2336183746749
Ratio of female to male labor force participation rate (%) (modeled ILO estimate),SL.TLF.CACT.FM.ZS,Bosnia and Herzegovina,BIH,57.289883298398,57.1675260825801,56.9444446284093,56.6433585554621,56.3380289257484,56.1061960406009,55.5950260412379,54.1379303767764,55.5746174097421,57.2425823277256,59.4405586477351,59.4405586477351,59.6153811526081
Ratio of female to male labor force participation rate (%) (modeled ILO estimate),SL.TLF.CACT.FM.ZS,Botswana,BWA,86.5671606383222,86.9402987553174,87.2049651530959,87.468984286192,87.7323491067368,87.8862758134524,88.0098833193053,88.1481500319493,88.1627636809581,88.1773413363054,88.1918748546615,88.2063903020087,88.0981632536906
Ratio of female to male labor force participation rate (%) (modeled ILO estimate),SL.TLF.CACT.FM.ZS,Brazil,BRA,66.8696742341403,67.1165653533,68.7882531972955,69.5331663551955,70.4156434293475,71.7417815110495,71.8482288317912,71.9211868482011,71.8673205201372,72.5369504181416,73.2429132471974,73.4567901234568,73.547588229608
Ratio of female to male labor force participation rate (%) (modeled ILO estimate),SL.TLF.CACT.FM.ZS,Brunei Darussalam,BRN,69.6361381745625,70.9595996571397,70.9759175120323,70.9554149846363,70.8439944857622,70.82261736862,70.8010312102358,70.5577206258162,70.4427035473703,70.4188457625055,70.3022353123876,70.1846947507554,69.9735484042203
Ratio of female to male labor force participation rate (%) (modeled ILO estimate),SL.TLF.CACT.FM.ZS,Bulgaria,BGR,79.0697666483553,82.2183123067174,82.2380104164951,79.999998637608,80.4232766499826,79.2184708321672,80.3786609112229,79.9666115286899,78.675282007189,78.5597400961154,79.8319327731092,80.9605512532067,81.2925167640701
Ratio of female to male labor force participation rate (%) (modeled ILO estimate),SL.TLF.CACT.FM.ZS,Burkina Faso,BFA,84.9557541542432,84.9557541542432,85.0663719334835,85.0663719334835,85.0663719334835,85.0663719334835,85.1769897127238,85.287607491964,85.287607491964,85.3982252712043,85.4927955030002,85.5875826609401,85.5715868810654
Ratio of female to male labor force participation rate (%) (modeled ILO estimate),SL.TLF.CACT.FM.ZS,Burundi,BDI,101.193317378977,101.318942990402,101.447523433239,101.575761274858,101.703164936564,101.831501797379,101.835985380697,101.840490797546,101.965600054212,101.842751808209,101.840490797546,101.713588222979,101.711483917181
Ratio of female to male labor force participation rate (%) (modeled ILO estimate),SL.TLF.CACT.FM.ZS,Cabo Verde,CPV,54.8925994329485,55.5023951827491,56.1151059721966,56.6626639060411,57.2803842938031,57.8313253012048,58.3132548504565,58.9156644890107,59.5180741275649,60.1204837661192,60.6498224444305,60.8643444243783,61.1976029630193
Ratio of female to male labor force participation rate (%) (modeled ILO estimate),SL.TLF.CACT.FM.ZS,Cambodia,KHM,93.3660916159048,91.9805518119302,90.6362511812739,88.994079228689,87.6168239917367,88.6946337615101,89.7674383119095,90.930229009584,91.8699185551043,91.7633425458423,91.5411323364848,91.3194445977486,91.2138745963918
Ratio of female to male labor force participation rate (%) (modeled ILO estimate),SL.TLF.CACT.FM.ZS,Cameroon,CMR,80.2614399031097,80.4973805912401,80.6282686437583,80.8650043186572,81.1271285059966,81.4960642535218,81.6513718810726,81.9134960684122,82.1989502392723,82.4607313373679,82.7450970419091,82.8981739750989,82.9204706709948
Ratio of female to male labor force participation rate (%) (modeled ILO estimate),SL.TLF.CACT.FM.ZS,Canada,CAN,81.3019435513544,81.9444444444444,82.5549394982751,83.4699467505761,83.8356174834788,83.8843013854707,84.7645475758285,85.4972378747163,85.4195338114421,86.2116976252182,86.4335653665182,86.5357617420444,86.5168554977612
Ratio of female to male labor force participation rate (%) (modeled ILO estimate),SL.TLF.CACT.FM.ZS,Cayman Islands,CYM,..,..,..,..,..,..,..,..,..,..,..,..,..
Ratio of female to male labor force participation rate (%) (modeled ILO estimate),SL.TLF.CACT.FM.ZS,Central African Republic,CAF,82.0721754920582,82.2843775792555,82.6137754643292,83.3918164348044,83.6065576699579,83.7236518998577,83.9390338950822,84.0562653963055,84.4079688441656,84.7417834910284,85.0938997615724,85.193891069278,85.193891069278
Ratio of female to male labor force participation rate (%) (modeled ILO estimate),SL.TLF.CACT.FM.ZS,Chad,TCD,80.9045260808844,80.8805069833432,80.8805069833432,80.8564177764121,80.8564177764121,80.8564177764121,80.832277436716,80.832277436716,80.832277436716,80.9343446263147,80.9343446263147,80.8080839218018,80.8080839218018
Ratio of female to male labor force participation rate (%) (modeled ILO estimate),SL.TLF.CACT.FM.ZS,Channel Islands,CHI,73.1213883029028,74.0579688030741,75.1091714210642,75.8771935205918,76.2114576927657,76.5486713713847,76.8888911494502,77.3809558950586,77.943368742745,78.2089575013118,78.4638513205689,78.5821961930359,78.8199692538856
Ratio of female to male labor force participation rate (%) (modeled ILO estimate),SL.TLF.CACT.FM.ZS,Chile,CHL,47.4598911118169,46.8286119804149,46.9387755102041,49.1108102260607,51.1659786780928,52.4657523795349,53.0612244897959,54.421768707483,56.8918898298934,58.1173215559635,62.9878833308518,65.0200263962786,65.6836474561031
Ratio of female to male labor force participation rate (%) (modeled ILO estimate),SL.TLF.CACT.FM.ZS,China,CHN,85.0782169030479,84.8300973682941,84.4553275120833,84.3016015598292,83.9152189683878,83.6477987421384,83.2911431034909,82.9516516717353,82.5031876836828,82.2849771740077,81.8298985162695,81.8766044527813,81.6901414642166
Ratio of female to male labor force participation rate (%) (modeled ILO estimate),SL.TLF.CACT.FM.ZS,Colombia,COL,59.290951333232,62.2411686039537,64.8484848484848,67.6328477488035,66.0098528184507,65.4320987654321,65.6887742317205,65.1670935400998,65.1785682137437,68.170425370279,69.3851961788314,69.6361381745625,69.8870801702935
Ratio of female to male labor force participation rate (%) (modeled ILO estimate),SL.TLF.CACT.FM.ZS,Comoros,COM,38.5587870902154,38.9380528839545,39.3939418751859,39.8486748617713,40.3022662280053,40.8291465113107,41.2280705108998,41.6770946196727,42.1972532845686,42.6433940951529,43.1421443774499,43.3915218968387,43.6408994162276
Ratio of female to male labor force participation rate (%) (modeled ILO estimate),SL.TLF.CACT.FM.ZS,"Congo, Dem. Rep.",ZAR,96.4673933043147,97.1389667159875,97.2714871531618,97.2677594489326,97.1311495059133,97.1272250096359,97.1272250096359,96.9904281885573,96.8536313674787,96.8536313674787,96.7168241094717,96.7168241094717,96.5846993111657
Ratio of female to male labor force participation rate (%) (modeled ILO estimate),SL.TLF.CACT.FM.ZS,"Congo, Rep.",COG,91.0489489148547,91.7482496141554,92.4475503134561,93.0167596277154,93.7150836649438,94.1422634211909,94.1585473038898,94.0443274181219,94.0607693907012,93.9393917102528,93.8186815778006,93.8271606230316,93.8271606230316
Ratio of female to male labor force participation rate (%) (modeled ILO estimate),SL.TLF.CACT.FM.ZS,Costa Rica,CRI,45.521470520394,51.7791420404166,51.7241398749944,51.732670369189,50.3121098686172,54.6583850931677,54.7945184655094,55.6790104618779,56.25,57.6679329785262,58.4283873036434,58.6075939709627,58.7341791466822
Ratio of female to male labor force participation rate (%) (modeled ILO estimate),SL.TLF.CACT.FM.ZS,Cote d'Ivoire,CIV,59.6107078092146,59.9756703982636,60.3406329873127,60.7056002171129,61.1922154555945,61.5571780446437,61.9975669572311,62.4390253206579,62.8815617100165,63.2029325600722,63.647493197512,63.8480385396628,64.0490806907233
Ratio of female to male labor force participation rate (%) (modeled ILO estimate),SL.TLF.CACT.FM.ZS,Croatia,HRV,71.7460329570468,72.4193572998047,73.5197390194912,73.2786897753107,74.1935483870968,75.5301791407995,77.0382702372233,74.6732029301113,75.6177939851085,77.2575273450965,77.3265684312171,75.5067570724132,76.5811952770265
Ratio of female to male labor force participation rate (%) (modeled ILO estimate),SL.TLF.CACT.FM.ZS,Cuba,CUB,53.7037071251376,54.3884881108784,55.0872090766725,55.7352963615866,56.4635932791499,57.5892894649184,58.8673634847164,60.7988156831914,60.6725132663902,61.198291668603,61.483594026086,61.6262506466212,61.7689018253625
Ratio of female to male labor force participation rate (%) (modeled ILO estimate),SL.TLF.CACT.FM.ZS,Curacao,CUW,..,..,..,..,..,..,..,..,..,..,..,..,..
Ratio of female to male labor force participation rate (%) (modeled ILO estimate),SL.TLF.CACT.FM.ZS,Cyprus,CYP,69.1237826261395,72.2991730877218,73.7796426463806,74.415406802062,73.8419613572215,73.3242128494662,74.7252736887974,76.2758610166352,77.222220102946,78.7114839802487,80.0841459048344,79.8866894403018,78.8135548472623
Ratio of female to male labor force participation rate (%) (modeled ILO estimate),SL.TLF.CACT.FM.ZS,Czech Republic,CZE,73.9628034826276,73.9568367278833,73.6311201017282,73.9825570757419,73.8686109111257,73.6535672807126,73.615161987286,72.8070148042597,72.287392145303,72.4743745069658,72.3529422984405,73.1851874457465,73.8937997331288
Ratio of female to male labor force participation rate (%) (modeled ILO estimate),SL.TLF.CACT.FM.ZS,Denmark,DNK,83.6820119299475,83.8709630820783,83.0790607400344,83.4030708261091,84.3055566151938,84.7338917465874,85.4748632223218,85.5133622248816,85.694243841431,86.3247879039096,86.5412453799929,87.0072970425126,87.5555532949942
Ratio of female to male labor force participation rate (%) (modeled ILO estimate),SL.TLF.CACT.FM.ZS,Djibouti,DJI,47.2891549652938,47.8915640155018,48.4162850627049,49.0936578522954,49.6978897923537,50.378214834752,50.9063479100875,51.661634953969,52.3378569618625,52.9323319743451,53.3733134976692,53.58209182967,53.6404113479133
Ratio of female to male labor force participation rate (%) (modeled ILO estimate),SL.TLF.CACT.FM.ZS,Dominica,DMA,..,..,..,..,..,..,..,..,..,..,..,..,..
Ratio of female to male labor force participation rate (%) (modeled ILO estimate),SL.TLF.CACT.FM.ZS,Dominican Republic,DOM,57.9275935203294,58.4059772645952,59.1531733434476,59.5031074855639,60.0496308215429,60.8695652173913,61.8929002168345,62.7965046133073,63.4880808175954,63.8993701095101,64.6387820198865,64.847711288231,65.0571826535288
Ratio of female to male labor force participation rate (%) (modeled ILO estimate),SL.TLF.CACT.FM.ZS,Ecuador,ECU,59.5465390318171,65.5491338299879,64.6370020803948,64.014255913823,67.8866612417196,65.289257649977,65.9673618426072,64.4470888779121,63.265304720571,64.1212139707623,65.0909100156842,65.4963674013515,65.859567228591
Ratio of female to male labor force participation rate (%) (modeled ILO estimate),SL.TLF.CACT.FM.ZS,"Egypt, Arab Rep.",EGY,26.4021882899123,27.336124429152,25.48746303516,25.8549931779018,26.2096768818173,26.7549678979331,27.8688530997544,30.6539503164276,30.8423929803764,31.1231387349101,31.4439942197811,31.4939416654259,31.6353898983746
Ratio of female to male labor force participation rate (%) (modeled ILO estimate),SL.TLF.CACT.FM.ZS,El Salvador,SLV,56.9250330041609,57.2715595209643,57.7574980439106,57.9081640845286,56.718347106493,57.5289607703784,58.2798467735546,58.0152663605138,57.8085650425569,58.6380809716366,59.5959628556363,59.9241497348279,60.2531626254697
Ratio of female to male labor force participation rate (%) (modeled ILO estimate),SL.TLF.CACT.FM.ZS,Equatorial Guinea,GNQ,86.1588043788797,86.2513473338871,86.4370309287765,86.5301728567527,86.7170673595629,86.8108141100084,86.9047637723986,86.9989170062422,86.9989170062422,87.1072577113503,87.2155984164585,87.2155984164585,87.3239391215666
Ratio of female to male labor force participation rate (%) (modeled ILO estimate),SL.TLF.CACT.FM.ZS,Eritrea,ERI,82.891831941446,83.4070799260928,84.6666632758247,85.9531784807179,86.7039089096325,87.3601757730544,87.8076047652822,88.031314994397,88.8143178642953,88.8268156424581,88.7402465799983,88.9632171312148,88.9754997890447
Ratio of female to male labor force participation rate (%) (modeled ILO estimate),SL.TLF.CACT.FM.ZS,Estonia,EST,77.5112490680586,78.0451150765096,77.9141129061511,77.4145558865028,78.7742893287582,81.4984678799581,81.2407717566789,78.8405819215636,79.3103476625278,80.813947685865,83.1360976797273,83.3576620060162,81.5138318596866
Ratio of female to male labor force participation rate (%) (modeled ILO estimate),SL.TLF.CACT.FM.ZS,Ethiopia,ETH,80.4203492490321,81.6574602495899,82.8004421179604,84.0308375411235,85.2422895644171,86.2486250933216,86.43881385202,86.6298359401977,86.8071016639693,87.0967761098626,87.1794867433099,87.3742982661924,87.4720308876118
Ratio of female to male labor force participation rate (%) (modeled ILO estimate),SL.TLF.CACT.FM.ZS,Faroe Islands,FRO,..,..,..,..,..,..,..,..,..,..,..,..,..
Ratio of female to male labor force participation rate (%) (modeled ILO estimate),SL.TLF.CACT.FM.ZS,Fiji,FJI,50.6578947368421,50.8609291733495,50.9986684623681,51.2032054471426,51.3440859939394,51.626012057751,51.9178103094232,52.2884903755875,52.0833333333333,52.0833333333333,51.9444465637207,51.9444465637207,52.0833333333333
Ratio of female to male labor force participation rate (%) (modeled ILO estimate),SL.TLF.CACT.FM.ZS,Finland,FIN,84.3517135040628,84.523812226968,85.7357354089258,85.3474359586058,85.8231715649667,86.8501497122819,86.8181806622129,87.2727249607895,86.4661654135338,88.1172774459803,86.9969072606919,86.265430390844,87.0917532537646
Ratio of female to male labor force participation rate (%) (modeled ILO estimate),SL.TLF.CACT.FM.ZS,France,FRA,76.9475363302904,76.9599975585938,76.874003471192,79.1068546580282,79.0734843555361,79.9679492077962,80.3858511040267,81.1290310275169,81.4516129032258,81.9645777400307,82.0967766546434,82.4675332717779,82.3624630327745
Ratio of female to male labor force participation rate (%) (modeled ILO estimate),SL.TLF.CACT.FM.ZS,French Polynesia,PYF,69.464545672858,69.577876798266,69.9413532219651,70.5794915989374,71.1278184015947,71.7325206289312,72.5038431171434,73.0232534482498,73.3644870919432,73.2087262214221,73.4375,73.3229346627445,73.4789385262414
Ratio of female to male labor force participation rate (%) (modeled ILO estimate),SL.TLF.CACT.FM.ZS,Gabon,GAB,82.602117601406,83.0792702251358,83.5889609676881,83.9506156850454,84.4720500573567,84.867399096494,84.8909697673938,85.2255002117957,85.4037246845382,85.4489196080287,85.7805295483988,85.8243443041047,86.0215073926022
Ratio of female to male labor force participation rate (%) (modeled ILO estimate),SL.TLF.CACT.FM.ZS,"Gambia, The",GMB,84.9282312151937,85.1496987714025,85.9712177894791,85.8513155445252,85.7485011666121,85.8682598182541,85.9880276068956,85.9880276068956,86.2110314273417,86.554616845959,86.7788456688971,86.8832710878167,86.9879481304123
Ratio of female to male labor force participation rate (%) (modeled ILO estimate),SL.TLF.CACT.FM.ZS,Georgia,GEO,73.9189199499182,76.221932746431,74.9322451901218,75.9358247589345,76.2295103325144,75.5798079391081,75.5464501947475,75.5129985159732,75.443379174231,75.3052948414318,75.236802876994,75.2355305920225,75.2342745099161
Ratio of female to male labor force participation rate (%) (modeled ILO estimate),SL.TLF.CACT.FM.ZS,Germany,DEU,72.6735642256435,73.5512596662611,74.5864638708588,75.7251885101086,76.060607216575,75.9759754255593,77.1771812365003,77.9610230572438,78.2282277294131,78.9473684210526,79.4871769791605,80.4511278195489,80.572287305067
Ratio of female to male labor force participation rate (%) (modeled ILO estimate),SL.TLF.CACT.FM.ZS,Ghana,GHA,94.9086140945597,94.8480923993287,94.6524066352882,94.4444364038303,94.3681237202687,94.2817313129305,94.3342774979432,94.2008505642191,94.34229112778,94.3502827294007,94.3582511792472,94.2334760026564,94.3820222311137
Ratio of female to male labor force participation rate (%) (modeled ILO estimate),SL.TLF.CACT.FM.ZS,Greece,GRC,61.7151567437418,61.3354022734411,62.2291048180809,62.9629588203449,64.8148117623595,65.0695524882322,65.3846153846154,65.432098038657,65.4853605558901,67.2333880244206,68.4782568776799,69.3522939257424,70.6070316937976
Ratio of female to male labor force participation rate (%) (modeled ILO estimate),SL.TLF.CACT.FM.ZS,Greenland,GRL,..,..,..,..,..,..,..,..,..,..,..,..,..
Ratio of female to male labor force participation rate (%) (modeled ILO estimate),SL.TLF.CACT.FM.ZS,Grenada,GRD,..,..,..,..,..,..,..,..,..,..,..,..,..
Ratio of female to male labor force participation rate (%) (modeled ILO estimate),SL.TLF.CACT.FM.ZS,Guam,GUM,75.2032489227358,76.0929003894953,75.9493687185589,74.9650328309386,73.9916545673386,80.4878062129326,79.8036452881696,70.3448275862069,73.0822925469644,76.0623256707627,78.1740377031407,80.3160959071915,80.287768686418
Ratio of female to male labor force participation rate (%) (modeled ILO estimate),SL.TLF.CACT.FM.ZS,Guatemala,GTM,48.7209320068359,48.9534865978152,49.1268917500845,49.3023273556731,49.4761341618791,51.3729985606283,53.4463268215373,54.143021099996,54.5454545454545,54.8752870754419,55.3287992353304,55.4421805190929,55.6689344365104
Ratio of female to male labor force participation rate (%) (modeled ILO estimate),SL.TLF.CACT.FM.ZS,Guinea,GIN,80.8673473111494,80.994896382801,80.994896382801,80.8673473111494,81.2499993917894,81.481477331345,81.8646181044843,82.2477637495228,82.2477637495228,83.0140452958013,83.3971909408397,83.5249029079198,83.6526148749997
Ratio of female to male labor force participation rate (%) (modeled ILO estimate),SL.TLF.CACT.FM.ZS,Guinea-Bissau,GNB,80.3821636613008,81.1464977871841,82.908161651686,84.0561227592912,84.3112209025943,84.3312063034933,84.8407623874154,85.586731081851,85.9693880281762,86.352035243131,86.7346921894562,86.8622412611078,86.7515904128931
Ratio of female to male labor force participation rate (%) (modeled ILO estimate),SL.TLF.CACT.FM.ZS,Guyana,GUY,48.2800964377945,48.4029493701579,48.3435601544526,48.1617646715082,48.102816040443,48.1662592371165,48.4107542747459,48.8997536768924,49.5110005978535,50.2450989787737,51.1056482731091,51.7241398749944,52.2867718655472
Ratio of female to male labor force participation rate (%) (modeled ILO estimate),SL.TLF.CACT.FM.ZS,Haiti,HTI,82.4637703273607,82.7536209769871,83.1884080085201,83.502173715024,83.8383779445554,84.0287791739265,84.3390834049595,84.5272169347193,84.8571450369699,85.0427398265498,85.2482247859874,85.2899601695948,85.5932144943835
Ratio of female to male labor force participation rate (%) (modeled ILO estimate),SL.TLF.CACT.FM.ZS,Honduras,HND,50.4545471884987,48.5057480033787,45.443927826283,45.9905643826408,46.6030962610421,47.3118278589767,48.2593028693667,49.0361454975175,49.5778018306681,50,50.5428235882468,50.9047044465565,51.2665853048661
Ratio of female to male labor force participation rate (%) (modeled ILO estimate),SL.TLF.CACT.FM.ZS,"Hong Kong SAR, China",HKG,66.9849883081876,68.7327859155069,71.0526335255052,70.972220102946,71.5877428150339,72.6123637344002,73.3427346697866,74.6099269136469,75.8620695325055,76.4790731111745,75.7309913472182,75.8064561237081,75.8823506972369
Ratio of female to male labor force participation rate (%) (modeled ILO estimate),SL.TLF.CACT.FM.ZS,Hungary,HUN,71.3793129756533,71.1072647346479,71.8750045531327,72.8055083442072,73.0569915756464,73.5849092406299,73.1748681792211,72.6655316269482,72.9452009607289,73.3676979436226,74.9571206429108,74.5331076207028,74.6243733293188
Ratio of female to male labor force participation rate (%) (modeled ILO estimate),SL.TLF.CACT.FM.ZS,Iceland,ISL,86.9829715991601,87.4390206685881,87.2996354917935,88.7920303138731,87.4055418037483,88.2793089100106,87.2705088311412,87.6073638354342,87.6237628436792,89.0445879310559,89.5674337055591,89.6020560777136,91.3324653129049
Ratio of female to male labor force participation rate (%) (modeled ILO estimate),SL.TLF.CACT.FM.ZS,India,IND,40.9420293193567,41.6164045415972,42.2891547880977,42.9602905155975,43.6298083756449,44.2977192965424,42.3913009425619,40.5832324269465,38.8753032404406,37.1463710077764,35.3960387391935,34.6201720803695,33.6670827344323
Ratio of female to male labor force participation rate (%) (modeled ILO estimate),SL.TLF.CACT.FM.ZS,Indonesia,IDN,59.316034701508,58.844339304354,58.1861020471489,58.3529393813189,58.4507054235146,58.5480083215788,59.224444688099,59.9056573217983,60.7354672709847,60.4486453455558,60.5917168792183,60.7100582687106,60.7819885184845
Ratio of female to male labor force participation rate (%) (modeled ILO estimate),SL.TLF.CACT.FM.ZS,"Iran, Islamic Rep.",IRN,18.8602444967426,20.2170966560477,21.5739488153527,23.0040590649336,24.5614050441522,26.0752677696953,25.2387438332533,24.3093922797484,21.8749989840118,22.0815754517626,22.2531288740531,22.3448286385372,22.4350204662949
Ratio of female to male labor force participation rate (%) (modeled ILO estimate),SL.TLF.CACT.FM.ZS,Iraq,IRQ,18.0257512252054,18.3644200160294,18.7319880607674,19.0751450742664,19.5936134993109,19.681621826031,19.971057156974,20.2020193123857,20.37572399319,20.6349200014533,20.863309352518,20.9770125022321,21.0903880242362
Ratio of female to male labor force participation rate (%) (modeled ILO estimate),SL.TLF.CACT.FM.ZS,Ireland,IRL,66.1991567218816,66.853933306659,68.7853088471447,69.589820207429,69.5652122737157,71.5862090012123,72.1691668805603,73.8062704252831,74.4827586206897,75.9206793662588,76.9565195277117,77.5659881129105,77.6141378183236
Ratio of female to male labor force participation rate (%) (modeled ILO estimate),SL.TLF.CACT.FM.ZS,Isle of Man,IMY,..,..,..,..,..,..,..,..,..,..,..,..,..
Ratio of female to male labor force participation rate (%) (modeled ILO estimate),SL.TLF.CACT.FM.ZS,Israel,ISR,79.5379570570832,80.0000025221139,80.6666692097982,82.0000012715658,82.0132046441612,82.537063994091,82.516338840605,82.4193523776147,82.3434989812064,84.329562966353,84.4301751497147,84.1599975585938,83.5971201066491
Ratio of female to male labor force participation rate (%) (modeled ILO estimate),SL.TLF.CACT.FM.ZS,Italy,ITA,57.8431390270764,58.8524615178343,59.3801011075255,59.8055122683939,61.3893361280664,61.7021304491641,62.1311500424244,62.37623793539,63.5313547350025,63.5451513123931,64.0809451752089,64.6859040527887,66.3299671948888
Ratio of female to male labor force participation rate (%) (modeled ILO estimate),SL.TLF.CACT.FM.ZS,Jamaica,JAM,76.3191783347966,75.5813938588107,75.1948071764661,74.6736317263299,74.8361680082602,75.4593206073959,76.0526305750796,76.7810005537854,77.4834437086093,77.4281801033945,77.9020989691462,78.0590734051856,79.014082357917
Ratio of female to male labor force participation rate (%) (modeled ILO estimate),SL.TLF.CACT.FM.ZS,Japan,JPN,64.5287935241221,64.9933986081646,64.7999979654948,65.2759057980316,65.6250003239382,66.0300129751744,66.2106737840952,66.2568333633854,66.5294910628814,67.4515274534581,68.9944170092879,67.8420274173962,68.3238599880422
Ratio of female to male labor force participation rate (%) (modeled ILO estimate),SL.TLF.CACT.FM.ZS,Jordan,JOR,18.3941611408317,17.7583702346544,18.9629632455332,17.6820194337562,16.2721897164111,18.2222225047924,18.9835568304918,22.700296504979,22.0740735089338,22.8197661524144,22.9749632266562,23.2488833624732,23.1117838308921
Ratio of female to male labor force participation rate (%) (modeled ILO estimate),SL.TLF.CACT.FM.ZS,Kazakhstan,KAZ,84.9279167234122,85.433072285212,85.8081529055011,85.7331626713968,85.2393631322075,85.9042567762114,86.4541777367184,87.0198635076056,87.5989430772709,87.5328078996476,87.3368183531762,87.2892404457664,87.0967741935484
Ratio of female to male labor force participation rate (%) (modeled ILO estimate),SL.TLF.CACT.FM.ZS,Kenya,KEN,86.0845782360549,86.0881560793402,85.9527092149183,85.9550609355053,85.977340049362,86.0000010899136,85.917494884616,85.714287255889,85.7746500364491,85.8344994999698,85.7740622281961,85.8136292816793,85.8725798069573
Ratio of female to male labor force participation rate (%) (modeled ILO estimate),SL.TLF.CACT.FM.ZS,Kiribati,KIR,..,..,..,..,..,..,..,..,..,..,..,..,..
Ratio of female to male labor force participation rate (%) (modeled ILO estimate),SL.TLF.CACT.FM.ZS,"Korea, Dem. People’s Rep.",PRK,84.772725538774,84.738039794851,84.7826054696124,84.8450089787727,85.2023086106846,85.3658551714048,85.5140166507974,85.7814351456179,85.950419922971,85.8323489582498,86.0023693658553,85.8837472181672,85.8669901095135
Ratio of female to male labor force participation rate (%) (modeled ILO estimate),SL.TLF.CACT.FM.ZS,"Korea, Rep.",KOR,66.62125409989,67.3050640081167,67.4355533526584,66.3945567851163,67.4796709725534,68.1198895920613,68.7671243327938,68.8614536518479,69.1135784419085,68.3403097427904,68.7587187383683,68.9415012480116,69.3055576748318
Ratio of female to male labor force participation rate (%) (modeled ILO estimate),SL.TLF.CACT.FM.ZS,Kosovo,KSV,..,..,..,..,..,..,..,..,..,..,..,..,..
Ratio of female to male labor force participation rate (%) (modeled ILO estimate),SL.TLF.CACT.FM.ZS,Kuwait,KWT,53.7712924621765,54.4457997487411,55.1219521499262,55.609754236733,54.9999981391721,54.212455065522,53.4798515519203,52.6251497815935,51.8925509257418,52.2533524034126,52.0048574119055,52.2424223928741,52.4154588481716
Ratio of female to male labor force participation rate (%) (modeled ILO estimate),SL.TLF.CACT.FM.ZS,Kyrgyz Republic,KGZ,75.8434573822116,75.4054043744061,74.8308499258895,73.4143085642272,72.2371976800882,71.2779939216143,70.5045250302363,70.4516109343498,70.6185571064616,70.4749684859002,70.5882390244522,70.483463869429,70.5063300796702
Ratio of female to male labor force participation rate (%) (modeled ILO estimate),SL.TLF.CACT.FM.ZS,Lao PDR,LAO,97.1640006588937,97.2772221602177,97.2670845363451,97.3815479376185,97.4937344316857,97.3618109115871,97.4779320012199,97.4715549449039,97.338405027239,97.2081161263513,97.0775152330998,96.9543129023707,96.7046914780245
Ratio of female to male labor force participation rate (%) (modeled ILO estimate),SL.TLF.CACT.FM.ZS,Latvia,LVA,75.3466877907237,77.7089813447128,77.4289955987859,77.7777790680526,76.0119986246501,76.7722461281688,76.9117635839125,77.7134615756191,78.2670415907114,81.065089458603,82.2629938560043,81.1263344183253,81.2220584789124
Ratio of female to male labor force participation rate (%) (modeled ILO estimate),SL.TLF.CACT.FM.ZS,Lebanon,LBN,27.1570036657786,27.2984442293393,27.5423716941716,27.9266555866482,28.2269498135182,28.7535406172871,29.3201150287945,30.0142239907657,30.3851636243956,30.8571434020996,31.4285714285714,31.9088327525792,32.3404244497312
Ratio of female to male labor force participation rate (%) (modeled ILO estimate),SL.TLF.CACT.FM.ZS,Lesotho,LSO,84.3283604042402,83.7735829863158,83.3121038546228,82.8387057396674,82.3529411764706,81.8543036252457,81.3672949122063,80.758802180973,80.2469119005889,80.2739705124947,80.4109599492322,80.1912612160964,80.2182766561978
Ratio of female to male labor force participation rate (%) (modeled ILO estimate),SL.TLF.CACT.FM.ZS,Liberia,LBR,93.8906765426846,93.7399714944754,93.9004826908569,93.6,93.6102234864213,93.0047672191731,92.2590872508056,91.2087877209627,90.625,90.4984442927016,90.3576916277188,90.2325593223868,89.9536375704894
Ratio of female to male labor force participation rate (%) (modeled ILO estimate),SL.TLF.CACT.FM.ZS,Libya,LBY,36.8064955362882,37.7358506086345,38.255033557047,38.8739954332039,39.1711203765412,39.4666671752929,39.627660168086,39.6026485013646,39.6301204879991,39.4736842105263,39.1590010966878,39.1874160191681,39.2670149225562
Ratio of female to male labor force participation rate (%) (modeled ILO estimate),SL.TLF.CACT.FM.ZS,Liechtenstein,LIE,..,..,..,..,..,..,..,..,..,..,..,..,..
Ratio of female to male labor force participation rate (%) (modeled ILO estimate),SL.TLF.CACT.FM.ZS,Lithuania,LTU,82.5301174363718,81.6232721992587,80.0918787026805,82.8828859273753,80.3100763365279,80.5687213502221,81.8327988770806,81.4285702175563,81.4465416349624,83.8810597718274,84.5794420844552,83.4597856244381,84.1628909028852
Ratio of female to male labor force participation rate (%) (modeled ILO estimate),SL.TLF.CACT.FM.ZS,Luxembourg,LUX,62.7272750392105,63.1336396888848,64.1881612407085,65.8385101261847,68.8957964767149,70.1700211241082,72.7838211755436,73.8993728421619,74.0566031511559,73.8670751965606,74.6177340955417,76.5527920325429,78.1201842387058
Ratio of female to male labor force participation rate (%) (modeled ILO estimate),SL.TLF.CACT.FM.ZS,"Macao SAR, China",MAC,73.774835447602,75.0977845709564,77.5510204081633,76.2362605404588,77.2357691638908,79.4078029295642,79.8948757636788,83.1387804704516,83.5475545634074,85.5844175660765,85.1036263541435,85.0129221635188,85.0322600333921
Ratio of female to male labor force participation rate (%) (modeled ILO estimate),SL.TLF.CACT.FM.ZS,"Macedonia, FYR",MKD,62.9573173745624,63.6085588739014,64.3625230537221,65.6394414060751,64.0699495380456,66.1442026137614,63.1975861195198,64.803630669983,63.0177506445202,61.9883049415386,62.3906708295431,64.2011871383303,63.744427311372
Ratio of female to male labor force participation rate (%) (modeled ILO estimate),SL.TLF.CACT.FM.ZS,Madagascar,MDG,93.854748603352,93.750001596553,94.2953038175902,94.1834401690346,94.1769267637955,94.3883276255586,94.7544676023631,95.1111094156901,95.4595725748031,95.5898565219549,95.8241724705958,95.8149747532589,95.8057444962886
Ratio of female to male labor force participation rate (%) (modeled ILO estimate),SL.TLF.CACT.FM.ZS,Malawi,MWI,95.0738914404767,94.4106853791698,93.6450803899407,93.009476991455,92.3887589181948,91.7728785023827,97.3871769263905,102.205886134089,105.548705406494,105.178797357163,104.802957724696,104.556656055043,104.182034156038
Ratio of female to male labor force participation rate (%) (modeled ILO estimate),SL.TLF.CACT.FM.ZS,Malaysia,MYS,55.4037248125728,55.625,55.8490585231181,56.2737651041944,56.704980581584,57.0876290053461,57.532466541637,58.0602850133699,58.5204769127658,58.8548623981271,58.7999979654948,58.8548623981271,58.831337903945
Ratio of female to male labor force participation rate (%) (modeled ILO estimate),SL.TLF.CACT.FM.ZS,Maldives,MDV,52.5210072809426,55.4937422518937,58.425412079502,61.5068514053136,64.4504775669912,67.2922276001842,70.0662271865946,70.6349240789448,71.2401026727238,71.6162957855164,72.1204154105378,72.2656221284222,72.5032459561487
Ratio of female to male labor force participation rate (%) (modeled ILO estimate),SL.TLF.CACT.FM.ZS,Mali,MLI,55.4545431426077,54.0540552924916,53.8922131067967,53.2738108078098,53.3432390757391,54.4285692487444,55.8620689655172,57.1428549601198,58.6787578080234,60.0755665570014,61.6707614519882,61.9164626303546,62.162159122361
Ratio of female to male labor force participation rate (%) (modeled ILO estimate),SL.TLF.CACT.FM.ZS,Malta,MLT,42.3398305381911,41.0081740541344,44.1466834463125,43.3427776810595,40.9482767598005,44.1690960802149,44.7214096257905,47.7104884683442,49.9252627265768,50.524741086705,51.4880953056742,52.8189876382304,57.1428571428571
Ratio of female to male labor force participation rate (%) (modeled ILO estimate),SL.TLF.CACT.FM.ZS,Marshall Islands,MHL,..,..,..,..,..,..,..,..,..,..,..,..,..
Ratio of female to male labor force participation rate (%) (modeled ILO estimate),SL.TLF.CACT.FM.ZS,Mauritania,MRT,29.4494243909892,30.3457121971553,31.4578022269637,31.9284789599236,32.5255095710461,32.9936300872997,31.3054502981701,33.5025362894848,34.1370540314087,35.53299354774,35.8681859185747,35.9493666057346,36.2025321284427
Ratio of female to male labor force participation rate (%) (modeled ILO estimate),SL.TLF.CACT.FM.ZS,Mauritius,MUS,50.938673323751,51.4429128857128,51.3924031317989,51.340995141937,51.225807436051,53.5156208866588,54.3307128397909,53.5526325828151,55.3333333333333,55.9571632459673,58.0428956068697,58.3333341878802,58.5464309734922
Ratio of female to male labor force participation rate (%) (modeled ILO estimate),SL.TLF.CACT.FM.ZS,Mexico,MEX,47.4514535801813,46.8864478760055,47.9754582504553,47.7132234191287,50.1844990228181,50.8663328240146,51.7791420404166,52.8325161800484,53.6374855961074,53.7013812746507,54.4099369404478,54.4080603686881,56.25
Ratio of female to male labor force participation rate (%) (modeled ILO estimate),SL.TLF.CACT.FM.ZS,"Micronesia, Fed. Sts.",FSM,..,..,..,..,..,..,..,..,..,..,..,..,..
Ratio of female to male labor force participation rate (%) (modeled ILO estimate),SL.TLF.CACT.FM.ZS,Moldova,MDA,87.2472718686558,87.2374776556732,89.71807488991,88.1170019938941,90.5769201425406,92.687752846209,84.1365505377307,86.2212900238581,86.0759449865946,83.2971861103971,83.7416418626393,84.1409680155291,85.4503479259456
Ratio of female to male labor force participation rate (%) (modeled ILO estimate),SL.TLF.CACT.FM.ZS,Monaco,MCO,..,..,..,..,..,..,..,..,..,..,..,..,..
Ratio of female to male labor force participation rate (%) (modeled ILO estimate),SL.TLF.CACT.FM.ZS,Mongolia,MNG,84.9315096331271,85.0837201254611,85.3210977601894,85.670257576112,85.3846153846154,84.9693314707624,84.8623833411358,84.4984740052163,83.5403695067323,82.2222222222222,81.5088753222601,81.5249280968687,81.5406918396754
Ratio of female to male labor force participation rate (%) (modeled ILO estimate),SL.TLF.CACT.FM.ZS,Montenegro,MNE,72.0930248768318,72.0465895780436,72.0000012715658,71.8333307902018,71.7863086888612,71.8592981199932,72.2129827416998,73.1788073614562,72.2222225685092,72.8785363545736,73.0050914873187,75.4919492147116,74.9128899946342
Ratio of female to male labor force participation rate (%) (modeled ILO estimate),SL.TLF.CACT.FM.ZS,Morocco,MAR,36.5239287691298,32.0659046232872,31.6326514724293,34.5222934795792,35.913703224697,35.6777502651264,35.0515480641542,35.0129196992441,34.4113833522867,33.5500633616738,34.2140035173828,34.4327167950746,34.6965675174212
Ratio of female to male labor force participation rate (%) (modeled ILO estimate),SL.TLF.CACT.FM.ZS,Mozambique,MOZ,106.045949437131,105.776177063653,105.522206849456,105.395683354518,105.035967471702,104.921966775408,104.681865250426,104.447121049702,104.332128207249,103.971122878884,103.85541800993,103.739443205141,103.377557745266
Ratio of female to male labor force participation rate (%) (modeled ILO estimate),SL.TLF.CACT.FM.ZS,Myanmar,MMR,91.6354593309926,91.6562835329929,91.6770224245439,91.7079154398733,91.7283988293306,91.7487719211211,91.7690362997025,91.6666721206865,91.6870381441732,91.6971881256814,91.4738122654089,91.4841845986836,91.4841845986836
Ratio of female to male labor force participation rate (%) (modeled ILO estimate),SL.TLF.CACT.FM.ZS,Namibia,NAM,75.8139558540758,77.1822345642635,78.4848473288795,79.7297292653157,80.9523868993299,81.9793242271941,82.9912038223044,83.9650142205912,84.8046306340623,85.081242349475,85.2186989431851,85.4938254889111,85.9177192746207
Ratio of female to male labor force participation rate (%) (modeled ILO estimate),SL.TLF.CACT.FM.ZS,Nepal,NPL,90.4761840389017,90.455051476398,90.4231561121898,90.290181812051,90.36953436773,90.4494382022472,90.4171360851795,90.6002233693099,90.7849848310454,91.1060482396976,91.2100489927327,91.4187644518756,91.5234807935899
Ratio of female to male labor force participation rate (%) (modeled ILO estimate),SL.TLF.CACT.FM.ZS,Netherlands,NLD,73.1138520184248,74.0791227508118,74.5257421756841,76.333789879373,76.9863024149856,78.3448265338765,78.8170586552493,80.0273614516014,80.7901880167576,81.5573814916301,81.6269260475223,82.5531925715454,82.7926650206258
Ratio of female to male labor force participation rate (%) (modeled ILO estimate),SL.TLF.CACT.FM.ZS,New Caledonia,NCL,68.4135981316844,68.1303109259308,67.988670024681,68.0851063829787,68.1365568229249,68.2403429494628,68.2997125125475,68.5589527894822,68.5756267390903,68.2422494025519,68.0534876080726,68.0059566046378,68.0059566046378
Ratio of female to male labor force participation rate (%) (modeled ILO estimate),SL.TLF.CACT.FM.ZS,New Zealand,NZL,77.4897638093596,78.290370627099,78.6290306454519,79.8913049675341,79.6769829493822,80.6149689530573,80.6366021308271,81.1920519696166,82.1333312988281,82.7956951757514,82.884100443965,83.1989250757581,84.0324725194687
Ratio of female to male labor force participation rate (%) (modeled ILO estimate),SL.TLF.CACT.FM.ZS,Nicaragua,NIC,46.3030312278055,47.746652242991,49.3268062942413,50.7995051497941,52.4103840867242,54.0372670807453,55.7499980926514,56.25,56.8210271074579,57.3216500155213,57.7500009536744,58.2499980926514,58.6766553000433
Ratio of female to male labor force participation rate (%) (modeled ILO estimate),SL.TLF.CACT.FM.ZS,Niger,NER,42.8248604812191,44.7727290066806,44.2069725112662,43.8616070383209,43.4589823605348,43.2194069260101,43.4254135216138,43.5840717487154,43.7430771484687,43.90243881809,44.1731408558148,44.3826483299816,44.4320714587079
Ratio of female to male labor force participation rate (%) (modeled ILO estimate),SL.TLF.CACT.FM.ZS,Nigeria,NGA,66.8656705030754,69.1489329631338,71.51703073406,73.9336489749281,76.7366701600829,76.6505630333589,76.5650101879361,76.3200012207032,76.2360425126405,76.031748453776,75.7911407399341,75.8293848002091,75.7480290931041
Ratio of female to male labor force participation rate (%) (modeled ILO estimate),SL.TLF.CACT.FM.ZS,Northern Mariana Islands,MNP,..,..,..,..,..,..,..,..,..,..,..,..,..
Ratio of female to male labor force participation rate (%) (modeled ILO estimate),SL.TLF.CACT.FM.ZS,Norway,NOR,83.3795059660389,84.1225612237633,84.9372442370403,85.4519737178146,85.5524119423585,85.5319138114333,85.7954548533298,87.0056438120333,87.4651762783219,88.2269514367936,87.7142878941127,88.6167127490148,88.4892086330935
Ratio of female to male labor force participation rate (%) (modeled ILO estimate),SL.TLF.CACT.FM.ZS,Oman,OMN,29.1399233867774,30.1298711207006,31.1111101138046,32.0680621867542,32.7225124354635,33.3333333333333,33.7239564965584,34.1968920493998,34.3629366944828,34.6886916082279,34.8370904435049,34.8578494821396,34.9633243453224
Ratio of female to male labor force participation rate (%) (modeled ILO estimate),SL.TLF.CACT.FM.ZS,Pakistan,PAK,19.1158907806101,19.0419157108147,19.3277308422979,20.3836926726253,21.4371252916531,22.9488699015844,24.6753251140041,25.1789971516321,25.8103231840714,27.4368226903889,28.8647327749379,29.071170009504,29.4330508678137
Ratio of female to male labor force participation rate (%) (modeled ILO estimate),SL.TLF.CACT.FM.ZS,Palau,PLW,..,..,..,..,..,..,..,..,..,..,..,..,..
Ratio of female to male labor force participation rate (%) (modeled ILO estimate),SL.TLF.CACT.FM.ZS,Panama,PAN,55.1470598547517,56.1576356994041,57.249073742308,57.9925663034116,57.7395566572043,58.9901518794525,57.6208200228598,58.590853685851,58.5042208773178,60,59.5121941915372,59.7069604576593,59.8290587143846
Ratio of female to male labor force participation rate (%) (modeled ILO estimate),SL.TLF.CACT.FM.ZS,Papua New Guinea,PNG,96.3265347642963,96.2059580813376,96.2162120922192,95.9568731490749,95.9623151052764,95.8333354697005,95.7047020828964,95.5645121181752,95.5585425084586,95.5525666333043,95.2766530741261,95.2766530741261,95.2702702702703
Ratio of female to male labor force participation rate (%) (modeled ILO estimate),SL.TLF.CACT.FM.ZS,Paraguay,PRY,58.938869980153,60.8594685882935,61.6279069767442,62.2817218273066,62.9370606985004,63.7106189246381,64.6028039986227,65.380118743718,64.6100104937479,66.2037034175361,64.6989388565707,64.9764109566019,65.3301881275469
Ratio of female to male labor force participation rate (%) (modeled ILO estimate),SL.TLF.CACT.FM.ZS,Peru,PER,69.5652129844919,74.4934432220742,74.1421582491661,73.770488964317,73.1399719646219,72.7272736030068,71.2883416860382,77.2619065784273,77.1495863637111,79.9763018716333,80.0947834739001,80.3317557180006,80.5687189225343
Ratio of female to male labor force participation rate (%) (modeled ILO estimate),SL.TLF.CACT.FM.ZS,Philippines,PHL,59.5354510343053,63.3413493941876,63.1257628812171,61.1976029630193,60.40914763503,62.2499990463256,61.4123567323873,61.6071406849619,61.5676380561152,62.168975207836,63.430009207226,63.7844606257289,63.9899648090574
Ratio of female to male labor force participation rate (%) (modeled ILO estimate),SL.TLF.CACT.FM.ZS,Poland,POL,77.4803161621094,77.6898700654975,77.3675784160631,77.258066977224,76.6505630333589,76,74.9196107757714,74.5980722777182,74.1269853379992,74.2946741264927,75.1166359948409,75.0774011541644,75.4629617637841
Ratio of female to male labor force participation rate (%) (modeled ILO estimate),SL.TLF.CACT.FM.ZS,Portugal,PRT,75.7532303427053,76.2108295238888,76.8465870760444,78.1115840947538,78.5611488836275,79.9422786237145,80.1724144545897,80.8633104502727,80.835730894331,82.1114406244022,82.9160500321973,81.3235282897949,82.4404822050041
Ratio of female to male labor force participation rate (%) (modeled ILO estimate),SL.TLF.CACT.FM.ZS,Puerto Rico,PRI,58.4873936757319,59.8993316727026,61.3065293239353,62.0632282596842,61.0281918783892,62.4590138920018,64.9916226821001,63.9931757277447,64.8506160568313,66.0211276473614,65.3631247214898,66.3461538461538,65.9574428837635
Ratio of female to male labor force participation rate (%) (modeled ILO estimate),SL.TLF.CACT.FM.ZS,Qatar,QAT,41.3492920229161,42.5462435526844,43.1670288008825,44.504308059156,45.1232551951432,47.5026583291951,50.4751856150379,52.7368404990748,52.675759869258,52.405856980932,52.824268625559,53.0334744478725,53.1380753638945
Ratio of female to male labor force participation rate (%) (modeled ILO estimate),SL.TLF.CACT.FM.ZS,Romania,ROM,81.84357503206,81.7403715896142,79.1666617609348,77.8637777479372,77.812498807907,76.8,76.886796696664,76.175547108612,75.0390009658742,74.7269932388804,74.7286833533946,75.824173718317,74.9613636594115
Ratio of female to male labor force participation rate (%) (modeled ILO estimate),SL.TLF.CACT.FM.ZS,Russian Federation,RUS,79.0935632562121,78.8375599535687,80.2377378177393,81.0294095207663,81.4327478368047,81.8049537982948,82.1220893805708,81.5714263916016,80.3672303294713,80.6223514291356,79.6610156706464,79.9157359054966,79.8319310670328
Ratio of female to male labor force participation rate (%) (modeled ILO estimate),SL.TLF.CACT.FM.ZS,Rwanda,RWA,101.176470588235,102.1377709228,102.142860775902,102.267295736625,102.147965819585,102.145405708733,102.140312823325,101.893489318487,101.647060618681,101.524027404283,101.28504496931,101.28504496931,101.169590643275
Ratio of female to male labor force participation rate (%) (modeled ILO estimate),SL.TLF.CACT.FM.ZS,Samoa,WSM,44.0700837033042,43.2653050844361,42.5619838401854,41.8994422337078,41.2765962857726,40.8959544582456,40.4129769693571,40.0302133257178,39.9068325372819,39.8399993896485,39.8347113743301,39.9656938970404,40.0684914505713
Ratio of female to male labor force participation rate (%) (modeled ILO estimate),SL.TLF.CACT.FM.ZS,San Marino,SMR,..,..,..,..,..,..,..,..,..,..,..,..,..
Ratio of female to male labor force participation rate (%) (modeled ILO estimate),SL.TLF.CACT.FM.ZS,Sao Tome and Principe,STP,52.7967246271642,53.1335138818078,53.6684793735272,54.0540540540541,54.4966422471424,55.0066754654262,55.378484824598,55.8784688802325,56.3731963023201,56.8062835851882,57.3663647336148,57.717251466531,57.9354858398437
Ratio of female to male labor force participation rate (%) (modeled ILO estimate),SL.TLF.CACT.FM.ZS,Saudi Arabia,SAU,21.6981146140749,21.5447140393466,21.5447140393466,22.1621616466626,22.9419707828161,23.7516879134841,24.7297286987304,24.1286868206093,23.6631016588221,23.26203062651,23.5685767277862,23.8726785619786,24.1059612754166
Ratio of female to male labor force participation rate (%) (modeled ILO estimate),SL.TLF.CACT.FM.ZS,Senegal,SEN,72.5312175171594,72.8409073569558,73.3788383166414,73.3788383166414,73.4926022215165,73.6063661263916,73.9476665206464,74.0614304255215,74.1751943303966,74.5164947246513,74.7440225344015,74.8577951189061,74.8863653703169
Ratio of female to male labor force participation rate (%) (modeled ILO estimate),SL.TLF.CACT.FM.ZS,Serbia,SRB,69.3374405885895,69.8609009195131,70.1238394846213,70.652172239027,70.9175681335749,71.1838051951664,71.4508585449518,72.8840134107538,73.2283464566929,73.6156345922705,72.6821198954268,72.7722765421418,72.8618417647241
Ratio of female to male labor force participation rate (%) (modeled ILO estimate),SL.TLF.CACT.FM.ZS,Seychelles,SYC,..,..,..,..,..,..,..,..,..,..,..,..,..
Ratio of female to male labor force participation rate (%) (modeled ILO estimate),SL.TLF.CACT.FM.ZS,Sierra Leone,SLE,106.28019584816,103.650798494854,100,98.9197460730402,98.198202739136,97.7611940298508,97.4739903409376,96.8980818777192,96.6176425709444,96.1932562410791,95.7725924338425,95.4941773749872,95.3555812673897
Ratio of female to male labor force participation rate (%) (modeled ILO estimate),SL.TLF.CACT.FM.ZS,Singapore,SGP,67.0918334826288,66.6666666666667,65.9326470699269,67.2323773183873,68.3311446026945,69.7522843920088,71.1886271161096,71.2998760640649,72.9624829226916,72.2007730727334,73.9354828865297,75.161702691291,76.1290322580645
Ratio of female to male labor force participation rate (%) (modeled ILO estimate),SL.TLF.CACT.FM.ZS,Sint Maarten (Dutch part),SXM,..,..,..,..,..,..,..,..,..,..,..,..,..
Ratio of female to male labor force participation rate (%) (modeled ILO estimate),SL.TLF.CACT.FM.ZS,Slovak Republic,SVK,77.2393533813511,77.0348803038983,76.7543842526623,76.8558975000238,76.6423357664234,74.8538006151479,74.1935494696899,74.336282090436,74.5614018454434,73.7536678707387,74.8159029388224,73.7920926411756,74.2358111579289
Ratio of female to male labor force participation rate (%) (modeled ILO estimate),SL.TLF.CACT.FM.ZS,Slovenia,SVN,80.000001192093,78.7925738825978,79.315703856107,78.8976353923167,79.5454545454545,79.9999988440311,80.974129732228,80.300754174254,81.5829542828543,81.4307495967568,80.9451215079964,81.5912644025654,82.3622035229299
Ratio of female to male labor force participation rate (%) (modeled ILO estimate),SL.TLF.CACT.FM.ZS,Solomon Islands,SLB,67.4300267543264,67.3857822559267,67.5538633793034,67.7215189873418,67.97468451005,67.8887506938554,67.8030338789443,67.6767683578941,67.4653189673668,67.339217491613,67.339217491613,67.339217491613,67.5094849001162
Ratio of female to male labor force participation rate (%) (modeled ILO estimate),SL.TLF.CACT.FM.ZS,Somalia,SOM,46.7616579030747,46.9520122949032,47.1428561520266,47.3958334368136,47.5880071085668,47.843135260289,48.0366492538723,48.2939641875004,48.357424408589,48.6166018235157,48.8126629424218,49.0092469878,49.2063512086889
Ratio of female to male labor force participation rate (%) (modeled ILO estimate),SL.TLF.CACT.FM.ZS,South Africa,ZAF,76.8992224404978,78.1931513227494,77.2585682739338,75.6369435940512,73.5294108480639,74.7588415267448,76.03833807408,74.9596128951308,73.3124022034697,72.8896146722178,72.6210332084991,73.9057245760388,73.6666679382325
Ratio of female to male labor force participation rate (%) (modeled ILO estimate),SL.TLF.CACT.FM.ZS,South Sudan,SSD,..,..,..,..,..,..,..,..,..,..,..,..,..
Ratio of female to male labor force participation rate (%) (modeled ILO estimate),SL.TLF.CACT.FM.ZS,Spain,ESP,61.5733762518527,60.6106881876939,62.5757564197886,64.467769066567,66.1218394979519,67.3529400545007,69.2532900785034,70.46783580071,72.3032063810211,74.8892216371893,76.3744415974977,77.9940061286421,79.0977420663475
Ratio of female to male labor force participation rate (%) (modeled ILO estimate),SL.TLF.CACT.FM.ZS,Sri Lanka,LKA,48.504549410845,47.7864574278809,46.9361166002302,46.2141021293083,46.2765966081252,45.144360765847,51.3618667416874,48.4967300315309,48.041775417911,48.16273258891,45.4901950811248,45.6209170272927,45.8115174096489
Ratio of female to male labor force participation rate (%) (modeled ILO estimate),SL.TLF.CACT.FM.ZS,St. Kitts and Nevis,KNA,..,..,..,..,..,..,..,..,..,..,..,..,..
Ratio of female to male labor force participation rate (%) (modeled ILO estimate),SL.TLF.CACT.FM.ZS,St. Lucia,LCA,81.7701506225969,81.8300633648642,82.875818988077,83.8331233509018,82.5129576179211,81.3144326222692,82.1899692992371,82.0717088080089,82.360739015114,82.0580451962094,82.2134390927554,82.2368421052632,82.3684190448962
Ratio of female to male labor force participation rate (%) (modeled ILO estimate),SL.TLF.CACT.FM.ZS,St. Martin (French part),MAF,..,..,..,..,..,..,..,..,..,..,..,..,..
Ratio of female to male labor force participation rate (%) (modeled ILO estimate),SL.TLF.CACT.FM.ZS,St. Vincent and the Grenadines,VCT,63.1446550477226,63.8993701095101,64.8614597106961,65.6171252807094,66.7509484900116,67.3830597537856,68.4879334383288,69.4763721655534,69.9872249057726,70.4081628681074,70.7006369426752,70.9183640203989,71.2276252386626
Ratio of female to male labor force participation rate (%) (modeled ILO estimate),SL.TLF.CACT.FM.ZS,Sudan,SDN,39.0146469139504,39.0957457601566,39.2572941411816,39.4701976649808,39.6825404834755,39.8943222990985,39.9736121598452,40.2374653984829,40.3162052256828,40.5797083239306,40.6578942349083,40.9210531335128,41.0526325828151
Ratio of female to male labor force participation rate (%) (modeled ILO estimate),SL.TLF.CACT.FM.ZS,Suriname,SUR,54.7511275508125,55.1204783630261,55.2552553756588,55.5389173341435,55.7377084595661,56.1664153387779,56.5088781437819,56.9117658278522,57.3938492114469,57.9562054933423,58.3697238070214,58.5755776881915,58.7209298457243
Ratio of female to male labor force participation rate (%) (modeled ILO estimate),SL.TLF.CACT.FM.ZS,Swaziland,SWZ,59.5536995542178,59.720280787328,60.0280468515426,60.196905985362,60.3667113059769,60.5932198823737,60.8203703763655,61.0481577983599,61.1898041028638,61.3314450041134,61.527583985393,61.4950599940493,61.4305713356918
Ratio of female to male labor force participation rate (%) (modeled ILO estimate),SL.TLF.CACT.FM.ZS,Sweden,SWE,85.5670061391343,86.9629640932437,87.0919872908327,86.9436159457965,87.7245446062582,87.0778275561861,87.1344987493482,87.8299181909608,87.8299181909608,88.0177534660419,86.6373000322765,87.6652013224733,88.3994157295265
Ratio of female to male labor force participation rate (%) (modeled ILO estimate),SL.TLF.CACT.FM.ZS,Switzerland,CHE,74.2599781585253,76.295341780088,77.4445943797919,77.8067880696586,78.1002617143914,79.3333333333333,79.4429712382962,79.2875937393876,81.4323611184611,81.9148949121879,80.743687613491,80.6622536766608,81.2748981176978
Ratio of female to male labor force participation rate (%) (modeled ILO estimate),SL.TLF.CACT.FM.ZS,Syrian Arab Republic,SYR,25.3416144329569,24.8120281702475,24.5259165521695,24.5838682945705,22.8274977040074,21.4191847094498,19.8938988016488,19.9464527807868,19.864864607115,17.9310344827586,18.1568093031182,18.2692302653877,18.431912215994
Ratio of female to male labor force participation rate (%) (modeled ILO estimate),SL.TLF.CACT.FM.ZS,Tajikistan,TJK,77.7036042420248,77.6737915824935,77.5100453698765,77.4798933234716,77.3458471087714,77.2423067204654,77.1695568218244,76.9946860047476,76.8518513846393,76.5789483722888,76.4089081326942,76.3707587014691,76.3328993474537
Ratio of female to male labor force participation rate (%) (modeled ILO estimate),SL.TLF.CACT.FM.ZS,Tanzania,TZA,95.8149747532589,95.7048442788534,96.2555050532974,96.6960353533359,97.2436603262218,97.7900552486188,98.3388704880328,98.2281217614151,98.0066412060628,97.8959009283866,97.7851606507105,97.6744119240927,97.6718419676598
Ratio of female to male labor force participation rate (%) (modeled ILO estimate),SL.TLF.CACT.FM.ZS,Thailand,THA,81.0408971487618,80.4668289584443,80.6650276621937,80.9641517485601,80.2696093441385,81.4039420669609,80.1234586739246,80.759807301686,80.7362000635065,79.4840242449782,79.6044503228818,79.6044503228818,79.70296917517
Ratio of female to male labor force participation rate (%) (modeled ILO estimate),SL.TLF.CACT.FM.ZS,Timor-Leste,TMP,51.0810800500818,51.6556291390728,50.7523929528607,49.7884322670653,49.0510926629505,48.5584207269458,48.1012646385233,48.0928695968814,47.8260869565217,47.9853507236957,48.2625489733862,48.1553383243893,48.3365978483316
Ratio of female to male labor force participation rate (%) (modeled ILO estimate),SL.TLF.CACT.FM.ZS,Togo,TGO,93.3742312565903,94.5879442057613,95.8024672520014,97.0297011940191,98.1389577811449,99.253733255306,100.374068657324,100.124376209233,100,99.7524695914818,99.6296258620274,99.5067798601667,99.3842364300596
Ratio of female to male labor force participation rate (%) (modeled ILO estimate),SL.TLF.CACT.FM.ZS,Tonga,TON,67.1214170730647,68.4856734964838,69.6065147371543,70.7547198911896,70.8166046680457,70.87766143627,70.9549057258807,70.8994703121179,71.0875296941797,71.0875296941797,71.2765966081253,71.4666646321615,71.5240612530199
Ratio of female to male labor force participation rate (%) (modeled ILO estimate),SL.TLF.CACT.FM.ZS,Trinidad and Tobago,TTO,60.9436410748987,62.0052745484818,63.2138068326545,65.6084649143212,67.8524360535626,70.2099765651423,70.6192324065311,68.3181272630804,69.9208415121178,68.2959086488312,69.6286458057708,69.8013255138272,70.0662271865946
Ratio of female to male labor force participation rate (%) (modeled ILO estimate),SL.TLF.CACT.FM.ZS,Tunisia,TUN,33.1476298404946,33.473979954758,33.9007086787664,34.3839526514112,35.0217095475085,35.526313881538,35.4651141514839,35.5072463768116,35.5907784147944,35.5300833134218,35.5206849650969,35.5113628666756,35.5524092407315
Ratio of female to male labor force participation rate (%) (modeled ILO estimate),SL.TLF.CACT.FM.ZS,Turkey,TUR,36.1760664939016,37.5174348165572,39.2603117828451,38.1159409232761,33.4285708836147,33.2859155088546,33.9080472684848,33.9568350812514,35,37.0212771368365,39.0381917578794,40.279719212672,41.5254214001059
Ratio of female to male labor force participation rate (%) (modeled ILO estimate),SL.TLF.CACT.FM.ZS,Turkmenistan,TKM,64.5945935635953,64.1991908529417,63.8926154015048,63.5388773396853,63.1860812466207,62.8342220353633,62.4833087899077,62.0505984300108,61.835108892364,61.4569556634158,61.294588370464,61.1038120004864,61.0457526312935
Ratio of female to male labor force participation rate (%) (modeled ILO estimate),SL.TLF.CACT.FM.ZS,Turks and Caicos Islands,TCA,..,..,..,..,..,..,..,..,..,..,..,..,..
Ratio of female to male labor force participation rate (%) (modeled ILO estimate),SL.TLF.CACT.FM.ZS,Tuvalu,TUV,..,..,..,..,..,..,..,..,..,..,..,..,..
Ratio of female to male labor force participation rate (%) (modeled ILO estimate),SL.TLF.CACT.FM.ZS,Uganda,UGA,97.820828746229,97.6997559794457,97.3397859378168,97.0731688708794,96.6748804806443,96.4999961853027,96.2453067049963,96.2358844229966,96.1055294804699,95.9748466059847,95.8438249517133,95.8385839536426,95.7124824778887
Ratio of female to male labor force participation rate (%) (modeled ILO estimate),SL.TLF.CACT.FM.ZS,Ukraine,UKR,80.1843348486257,80.2795023881545,81.25,81.3479657468882,81.504703169015,79.6324618220676,79.663604370873,79.6946576533427,79.4520596463073,79.6352569842002,79.2738316724683,79.3674692046507,79.5795814028349
Ratio of female to male labor force participation rate (%) (modeled ILO estimate),SL.TLF.CACT.FM.ZS,United Arab Emirates,ARE,36.7791062849357,37.1739138727603,37.5271145546179,38.0281661035683,38.937096219246,40.3489653558917,43.1718055566526,46.0511688800821,48.9337813925829,50.3363263027149,51.6201125842899,51.4983377488137,51.2087895320012
Ratio of female to male labor force participation rate (%) (modeled ILO estimate),SL.TLF.CACT.FM.ZS,United Kingdom,GBR,76.8465870760444,77.4748957881581,78.304599417864,77.9685247643701,78.9625331875906,79.3650758700867,79.626976226718,79.1666662099261,79.626976226718,80.2023156756943,80.9037918870173,80.9037918870173,80.9592998433979
Ratio of female to male labor force participation rate (%) (modeled ILO estimate),SL.TLF.CACT.FM.ZS,United States,USA,79.7297297297297,79.9999989619871,80.2739705124947,80.9128596552358,80.7212232935473,80.972221162584,80.8864321251204,81.0848372737191,81.5899616316988,82.3196651699241,82.5214841773141,82.251078628999,81.962477252185
Ratio of female to male labor force participation rate (%) (modeled ILO estimate),SL.TLF.CACT.FM.ZS,Uruguay,URY,68.6015803515118,70.104441034789,70.3851233094509,70.6756746446763,70.8502038881084,71.1201104563377,68.40051681458,70.4575183344822,71.0560654086819,71.6514920426607,71.9687131150591,72.0990892273143,72.2656221284222
Ratio of female to male labor force participation rate (%) (modeled ILO estimate),SL.TLF.CACT.FM.ZS,Uzbekistan,UZB,65.6509744174344,65.7894764650076,65.7894764650076,65.7894764650076,65.6077334239025,65.4269986202986,65.1577489791106,64.8021801124071,64.4504775669912,64.1025654225743,63.8926154015048,63.7700518941604,63.6968131246694
Ratio of female to male labor force participation rate (%) (modeled ILO estimate),SL.TLF.CACT.FM.ZS,Vanuatu,VUT,83.5322165283998,82.7338114359499,82.1471619067007,81.4545417554451,80.7551818318929,79.9265673083514,78.9926312609655,78.1750958307475,77.1322624832311,76.2732938209676,76.3027309730611,76.3975155279503,76.5877928552006
Ratio of female to male labor force participation rate (%) (modeled ILO estimate),SL.TLF.CACT.FM.ZS,"Venezuela, RB",VEN,59.4167675730535,63.5593232080367,65.4306241164253,64.7768392937556,63.9902681593055,63.3128815633388,62.6237581225194,62.6249980926514,63.2499980926514,64.2317368008835,63.6822169691967,63.9344247311673,64.2676811706728
Ratio of female to male labor force participation rate (%) (modeled ILO estimate),SL.TLF.CACT.FM.ZS,Vietnam,VNM,88.2850190578214,88.3777256035558,88.3636382131866,88.4568655556118,88.5505460407019,88.6446851300495,88.6168962426584,88.8206409047449,88.8068809816375,88.9162557410726,88.9298897144317,88.8480408770999,88.888890959
Ratio of female to male labor force participation rate (%) (modeled ILO estimate),SL.TLF.CACT.FM.ZS,Virgin Islands (U.S.),VIR,68.4346693886398,69.0012993720049,69.8309488912923,70.5345510126007,71.3350771093103,72.141921979865,72.7873192805995,73.4395710436423,73.9304772471676,74.3279544393897,74.6955339961788,74.7612509625214,74.7252736887974
Ratio of female to male labor force participation rate (%) (modeled ILO estimate),SL.TLF.CACT.FM.ZS,West Bank and Gaza,WBG,16.411043420384,15.6716417910448,16.006097933283,18.2503768092193,20.4783251073104,21.130953056742,21.661721143825,22.2547571451008,22.9768790747529,23.423424532857,22.2054388019959,22.5075533314295,22.926092171367
Ratio of female to male labor force participation rate (%) (modeled ILO estimate),SL.TLF.CACT.FM.ZS,"Yemen, Rep.",YEM,31.1267611006616,31.5937928581767,32.0169256338505,32.3943661971831,32.816900333888,33.0985915492958,33.5211256860007,33.7552749860262,34.1292138744402,34.3618498616544,34.831461095551,34.965034965035,35.0974926070321
Ratio of female to male labor force participation rate (%) (modeled ILO estimate),SL.TLF.CACT.FM.ZS,Zambia,ZMB,87.5878240225687,87.1495324812119,86.8144739501125,86.3795059722882,85.9302343324173,85.3828318791164,85.3658551714048,85.3658551714048,85.3488389835801,85.3317831777627,85.3317831777627,85.3146787233623,85.4142351865552
Ratio of female to male labor force participation rate (%) (modeled ILO estimate),SL.TLF.CACT.FM.ZS,Zimbabwe,ZWE,84.2751808208647,86.7541698099225,88.8631104246032,90.6108564383588,92.1373135508688,92.2308544744198,92.3333316379123,92.4276137854489,92.5306608961111,92.633930148975,92.7374301675978,92.7455355907429,92.7536229418708
,,,,,,,,,,,,,,,,
,,,,,,,,,,,,,,,,
,,,,,,,,,,,,,,,,
Data from database: Gender Statistics,,,,,,,,,,,,,,,,
Last Updated: 04/14/2016,,,,,,,,,,,,,,,,
